date,day,fajr_start,fajr_jamaat,fajr_location,fajr_location_url,sunrise,dhuhr_start,dhuhr_jamaat,dhuhr_location,dhuhr_location_url,asr_start,asr_jamaat,asr_location,asr_location_url,maghrib_start,maghrib_jamaat,maghrib_location,maghrib_location_url,isha_start,isha_jamaat,isha_location,isha_location_url,islamic_date,source_url
2026-05-25,Mon,03:00,03:20,NCP,https://goo.gl/maps/sZVnqKp8hp12,04:51,13:02,,,,18:27,,,,21:06,21:10,NCP,https://goo.gl/maps/sZVnqKp8hp12,22:14,22:30,NCP,https://goo.gl/maps/sZVnqKp8hp12,8 Dhul Hijjah 1447,https://www.cambournecrescent.org/salah/v2/time-cc-today-v2.php
2026-05-26,Tue,02:58,03:18,NCP,https://goo.gl/maps/sZVnqKp8hp12,04:50,13:02,,,,18:27,,,,21:07,21:10,NCP,https://goo.gl/maps/sZVnqKp8hp12,22:16,22:30,NCP,https://goo.gl/maps/sZVnqKp8hp12,9 Dhul Hijjah 1447,https://www.cambournecrescent.org/salah/v2/time-cc-today-v2.php?page=2
2026-05-27,Wed,02:57,04:00,NCP,https://goo.gl/maps/sZVnqKp8hp12,04:49,13:02,,,,18:28,,,,21:08,21:10,NCP,https://goo.gl/maps/sZVnqKp8hp12,22:18,22:30,NCP,https://goo.gl/maps/sZVnqKp8hp12,10 Dhul Hijjah 1447,https://www.cambournecrescent.org/salah/v2/time-cc-today-v2.php?page=3
2026-05-28,Thu,02:55,04:00,NCP,https://goo.gl/maps/sZVnqKp8hp12,04:48,13:02,,,,18:29,,,,21:09,21:10,NCP,https://goo.gl/maps/sZVnqKp8hp12,22:19,22:30,NCP,https://goo.gl/maps/sZVnqKp8hp12,11 Dhul Hijjah 1447,https://www.cambournecrescent.org/salah/v2/time-cc-today-v2.php?page=4
2026-05-29,Fri,02:54,04:00,NCP,https://goo.gl/maps/sZVnqKp8hp12,04:47,,,,,18:30,,,,21:11,21:15,BS-1,https://goo.gl/maps/X33dkpnHDAr,22:21,22:30,BS-H,https://goo.gl/maps/X33dkpnHDAr,12 Dhul Hijjah 1447,https://www.cambournecrescent.org/salah/v2/time-cc-today-v2.php?page=5
2026-05-30,Sat,02:53,04:00,BS-H,https://goo.gl/maps/X33dkpnHDAr,04:46,13:02,,,,18:30,,,,21:12,21:15,BS-1,https://goo.gl/maps/X33dkpnHDAr,22:22,22:35,BS-H,https://goo.gl/maps/X33dkpnHDAr,13 Dhul Hijjah 1447,https://www.cambournecrescent.org/salah/v2/time-cc-today-v2.php?page=6
2026-05-31,Sun,02:52,04:00,BS-H,https://goo.gl/maps/X33dkpnHDAr,04:45,13:02,,,,18:31,,,,21:13,21:15,BS-1,https://goo.gl/maps/X33dkpnHDAr,22:24,22:35,BS-H,https://goo.gl/maps/X33dkpnHDAr,14 Dhul Hijjah 1447,https://www.cambournecrescent.org/salah/v2/time-cc-today-v2.php?page=7
2026-06-01,Mon,02:51,04:00,NCP,https://goo.gl/maps/sZVnqKp8hp12,04:45,13:03,,,,18:32,,,,21:14,21:15,NCP,https://goo.gl/maps/sZVnqKp8hp12,22:25,22:35,NCP,https://goo.gl/maps/sZVnqKp8hp12,15 Dhul Hijjah 1447,https://www.cambournecrescent.org/salah/v2/time-cc-today-v2.php?page=8
2026-06-02,Tue,02:49,04:00,NCP,https://goo.gl/maps/sZVnqKp8hp12,04:44,13:03,,,,18:32,,,,21:15,21:15,NCP,https://goo.gl/maps/sZVnqKp8hp12,22:27,22:35,NCP,https://goo.gl/maps/sZVnqKp8hp12,16 Dhul Hijjah 1447,https://www.cambournecrescent.org/salah/v2/time-cc-today-v2.php?page=9
2026-06-03,Wed,02:48,04:00,NCP,https://goo.gl/maps/sZVnqKp8hp12,04:43,13:03,,,,18:33,,,,21:16,21:20,NCP,https://goo.gl/maps/sZVnqKp8hp12,22:28,22:35,NCP,https://goo.gl/maps/sZVnqKp8hp12,17 Dhul Hijjah 1447,https://www.cambournecrescent.org/salah/v2/time-cc-today-v2.php?page=10
2026-06-04,Thu,02:47,04:00,NCP,https://goo.gl/maps/sZVnqKp8hp12,04:42,13:03,,,,18:34,,,,21:17,21:20,NCP,https://goo.gl/maps/sZVnqKp8hp12,22:29,22:35,NCP,https://goo.gl/maps/sZVnqKp8hp12,18 Dhul Hijjah 1447,https://www.cambournecrescent.org/salah/v2/time-cc-today-v2.php?page=11
2026-06-05,Fri,02:46,04:00,NCP,https://goo.gl/maps/sZVnqKp8hp12,04:42,,,,,18:34,,,,21:18,21:20,BS-1,https://goo.gl/maps/X33dkpnHDAr,22:31,22:35,BS-H,https://goo.gl/maps/X33dkpnHDAr,19 Dhul Hijjah 1447,https://www.cambournecrescent.org/salah/v2/time-cc-today-v2.php?page=12
2026-06-06,Sat,02:45,04:00,BS-H,https://goo.gl/maps/X33dkpnHDAr,04:41,13:03,,,,18:35,,,,21:19,21:20,BS-1,https://goo.gl/maps/X33dkpnHDAr,22:32,22:40,BS-H,https://goo.gl/maps/X33dkpnHDAr,20 Dhul Hijjah 1447,https://www.cambournecrescent.org/salah/v2/time-cc-today-v2.php?page=13
2026-06-07,Sun,02:45,04:00,BS-H,https://goo.gl/maps/X33dkpnHDAr,04:40,13:04,,,,18:35,,,,21:20,21:20,BS-1,https://goo.gl/maps/X33dkpnHDAr,22:33,22:40,BS-H,https://goo.gl/maps/X33dkpnHDAr,21 Dhul Hijjah 1447,https://www.cambournecrescent.org/salah/v2/time-cc-today-v2.php?page=14
2026-06-08,Mon,02:44,04:00,NCP,https://goo.gl/maps/sZVnqKp8hp12,04:40,13:04,,,,18:36,,,,21:21,21:25,NCP,https://goo.gl/maps/sZVnqKp8hp12,22:34,22:40,NCP,https://goo.gl/maps/sZVnqKp8hp12,22 Dhul Hijjah 1447,https://www.cambournecrescent.org/salah/v2/time-cc-today-v2.php?page=15
2026-06-09,Tue,02:43,04:00,NCP,https://goo.gl/maps/sZVnqKp8hp12,04:40,13:04,,,,18:36,,,,21:22,21:25,NCP,https://goo.gl/maps/sZVnqKp8hp12,22:36,22:40,NCP,https://goo.gl/maps/sZVnqKp8hp12,23 Dhul Hijjah 1447,https://www.cambournecrescent.org/salah/v2/time-cc-today-v2.php?page=16
2026-06-10,Wed,02:42,04:00,NCP,https://goo.gl/maps/sZVnqKp8hp12,04:39,13:04,,,,18:37,,,,21:23,21:25,NCP,https://goo.gl/maps/sZVnqKp8hp12,22:37,22:40,NCP,https://goo.gl/maps/sZVnqKp8hp12,24 Dhul Hijjah 1447,https://www.cambournecrescent.org/salah/v2/time-cc-today-v2.php?page=17
2026-06-11,Thu,02:42,04:00,NCP,https://goo.gl/maps/sZVnqKp8hp12,04:39,13:04,,,,18:37,,,,21:23,21:25,NCP,https://goo.gl/maps/sZVnqKp8hp12,22:38,22:40,NCP,https://goo.gl/maps/sZVnqKp8hp12,25 Dhul Hijjah 1447,https://www.cambournecrescent.org/salah/v2/time-cc-today-v2.php?page=18
2026-06-12,Fri,02:41,04:00,NCP,https://goo.gl/maps/sZVnqKp8hp12,04:39,,,,,18:38,,,,21:24,21:25,BS-1,https://goo.gl/maps/X33dkpnHDAr,22:39,22:40,BS-H,https://goo.gl/maps/X33dkpnHDAr,26 Dhul Hijjah 1447,https://www.cambournecrescent.org/salah/v2/time-cc-today-v2.php?page=19
2026-06-13,Sat,02:40,04:00,BS-H,https://goo.gl/maps/X33dkpnHDAr,04:38,13:05,,,,18:38,,,,21:25,21:25,BS-1,https://goo.gl/maps/X33dkpnHDAr,22:40,22:45,BS-H,https://goo.gl/maps/X33dkpnHDAr,27 Dhul Hijjah 1447,https://www.cambournecrescent.org/salah/v2/time-cc-today-v2.php?page=20
2026-06-14,Sun,02:40,04:00,BS-H,https://goo.gl/maps/X33dkpnHDAr,04:38,13:05,,,,18:39,,,,21:25,21:25,BS-1,https://goo.gl/maps/X33dkpnHDAr,22:40,22:45,BS-H,https://goo.gl/maps/X33dkpnHDAr,28 Dhul Hijjah 1447,https://www.cambournecrescent.org/salah/v2/time-cc-today-v2.php?page=21
2026-06-15,Mon,02:40,04:00,NCP,https://goo.gl/maps/sZVnqKp8hp12,04:38,13:05,,,,18:39,,,,21:26,21:30,NCP,https://goo.gl/maps/sZVnqKp8hp12,22:41,22:45,NCP,https://goo.gl/maps/sZVnqKp8hp12,29 Dhul Hijjah 1447,https://www.cambournecrescent.org/salah/v2/time-cc-today-v2.php?page=22
2026-06-16,Tue,02:39,04:00,NCP,https://goo.gl/maps/sZVnqKp8hp12,04:38,13:05,,,,18:39,,,,21:26,21:30,NCP,https://goo.gl/maps/sZVnqKp8hp12,22:42,22:45,NCP,https://goo.gl/maps/sZVnqKp8hp12,30 Dhul Hijjah 1447,https://www.cambournecrescent.org/salah/v2/time-cc-today-v2.php?page=23
2026-06-17,Wed,02:39,04:00,NCP,https://goo.gl/maps/sZVnqKp8hp12,04:38,13:06,,,,18:40,,,,21:27,21:30,NCP,https://goo.gl/maps/sZVnqKp8hp12,22:43,22:45,NCP,https://goo.gl/maps/sZVnqKp8hp12,1 Muharram 1448,https://www.cambournecrescent.org/salah/v2/time-cc-today-v2.php?page=24
2026-06-18,Thu,02:38,04:00,NCP,https://goo.gl/maps/sZVnqKp8hp12,04:38,13:06,,,,18:40,,,,21:27,21:30,NCP,https://goo.gl/maps/sZVnqKp8hp12,22:44,22:45,NCP,https://goo.gl/maps/sZVnqKp8hp12,2 Muharram 1448,https://www.cambournecrescent.org/salah/v2/time-cc-today-v2.php?page=25
2026-06-19,Fri,02:38,04:00,NCP,https://goo.gl/maps/sZVnqKp8hp12,04:38,,,,,18:40,,,,21:27,21:30,BS-1,https://goo.gl/maps/X33dkpnHDAr,22:44,22:45,BS-H,https://goo.gl/maps/X33dkpnHDAr,3 Muharram 1448,https://www.cambournecrescent.org/salah/v2/time-cc-today-v2.php?page=26
2026-06-20,Sat,02:38,04:00,BS-H,https://goo.gl/maps/X33dkpnHDAr,04:38,13:06,,,,18:41,,,,21:28,21:30,BS-1,https://goo.gl/maps/X33dkpnHDAr,22:45,22:50,BS-H,https://goo.gl/maps/X33dkpnHDAr,4 Muharram 1448,https://www.cambournecrescent.org/salah/v2/time-cc-today-v2.php?page=27
2026-06-21,Sun,02:38,04:00,BS-H,https://goo.gl/maps/X33dkpnHDAr,04:38,13:07,,,,18:41,,,,21:28,21:30,BS-1,https://goo.gl/maps/X33dkpnHDAr,22:45,22:50,BS-H,https://goo.gl/maps/X33dkpnHDAr,5 Muharram 1448,https://www.cambournecrescent.org/salah/v2/time-cc-today-v2.php?page=28
2026-06-22,Mon,02:38,04:00,NCP,https://goo.gl/maps/sZVnqKp8hp12,04:39,13:07,,,,18:41,,,,21:28,21:30,NCP,https://goo.gl/maps/sZVnqKp8hp12,22:46,22:50,NCP,https://goo.gl/maps/sZVnqKp8hp12,6 Muharram 1448,https://www.cambournecrescent.org/salah/v2/time-cc-today-v2.php?page=29
2026-06-23,Tue,02:38,04:00,NCP,https://goo.gl/maps/sZVnqKp8hp12,04:39,13:07,,,,18:41,,,,21:28,21:30,NCP,https://goo.gl/maps/sZVnqKp8hp12,22:46,22:50,NCP,https://goo.gl/maps/sZVnqKp8hp12,7 Muharram 1448,https://www.cambournecrescent.org/salah/v2/time-cc-today-v2.php?page=30
2026-06-24,Wed,02:39,04:00,NCP,https://goo.gl/maps/sZVnqKp8hp12,04:39,13:07,,,,18:41,,,,21:28,21:30,NCP,https://goo.gl/maps/sZVnqKp8hp12,22:45,22:50,NCP,https://goo.gl/maps/sZVnqKp8hp12,8 Muharram 1448,https://www.cambournecrescent.org/salah/v2/time-cc-today-v2.php?page=31
2026-06-25,Thu,02:40,04:00,NCP,https://goo.gl/maps/sZVnqKp8hp12,04:40,13:07,,,,18:41,,,,21:28,21:30,NCP,https://goo.gl/maps/sZVnqKp8hp12,22:45,22:50,NCP,https://goo.gl/maps/sZVnqKp8hp12,9 Muharram 1448,https://www.cambournecrescent.org/salah/v2/time-cc-today-v2.php?page=32
2026-06-26,Fri,02:41,04:00,NCP,https://goo.gl/maps/sZVnqKp8hp12,04:40,,,,,18:42,,,,21:28,21:30,BS-1,https://goo.gl/maps/X33dkpnHDAr,22:45,22:50,BS-H,https://goo.gl/maps/X33dkpnHDAr,10 Muharram 1448,https://www.cambournecrescent.org/salah/v2/time-cc-today-v2.php?page=33
2026-06-27,Sat,02:41,04:00,BS-H,https://goo.gl/maps/X33dkpnHDAr,04:40,13:08,,,,18:42,,,,21:28,21:30,BS-1,https://goo.gl/maps/X33dkpnHDAr,22:44,22:45,BS-H,https://goo.gl/maps/X33dkpnHDAr,11 Muharram 1448,https://www.cambournecrescent.org/salah/v2/time-cc-today-v2.php?page=34
2026-06-28,Sun,02:42,04:00,BS-H,https://goo.gl/maps/X33dkpnHDAr,04:41,13:08,,,,18:42,,,,21:28,21:30,BS-1,https://goo.gl/maps/X33dkpnHDAr,22:44,22:45,BS-H,https://goo.gl/maps/X33dkpnHDAr,12 Muharram 1448,https://www.cambournecrescent.org/salah/v2/time-cc-today-v2.php?page=35
2026-06-29,Mon,02:43,04:00,NCP,https://goo.gl/maps/sZVnqKp8hp12,04:42,13:08,,,,18:42,,,,21:28,21:30,NCP,https://goo.gl/maps/sZVnqKp8hp12,22:43,22:45,NCP,https://goo.gl/maps/sZVnqKp8hp12,13 Muharram 1448,https://www.cambournecrescent.org/salah/v2/time-cc-today-v2.php?page=36
2026-06-30,Tue,02:44,04:00,NCP,https://goo.gl/maps/sZVnqKp8hp12,04:42,13:08,,,,18:42,,,,21:27,21:30,NCP,https://goo.gl/maps/sZVnqKp8hp12,22:43,22:45,NCP,https://goo.gl/maps/sZVnqKp8hp12,14 Muharram 1448,https://www.cambournecrescent.org/salah/v2/time-cc-today-v2.php?page=37
2026-07-01,Wed,02:45,04:00,NCP,https://goo.gl/maps/sZVnqKp8hp12,04:43,13:09,,,,18:42,,,,21:27,21:30,NCP,https://goo.gl/maps/sZVnqKp8hp12,22:42,22:45,,,15 Muharram 1448,https://www.cambournecrescent.org/salah/v2/time-cc-today-v2.php?page=38
2026-07-02,Thu,02:46,04:00,NCP,https://goo.gl/maps/sZVnqKp8hp12,04:44,13:09,,,,18:41,,,,21:27,21:30,NCP,https://goo.gl/maps/sZVnqKp8hp12,22:41,22:45,NCP,https://goo.gl/maps/sZVnqKp8hp12,16 Muharram 1448,https://www.cambournecrescent.org/salah/v2/time-cc-today-v2.php?page=39
2026-07-03,Fri,02:47,04:00,NCP,https://goo.gl/maps/sZVnqKp8hp12,04:44,,,,,18:41,,,,21:26,21:30,BS-1,https://goo.gl/maps/X33dkpnHDAr,22:41,22:45,,,17 Muharram 1448,https://www.cambournecrescent.org/salah/v2/time-cc-today-v2.php?page=40
2026-07-04,Sat,02:48,04:00,BS-H,https://goo.gl/maps/X33dkpnHDAr,04:45,13:09,,,,18:41,,,,21:26,21:30,BS-H,https://goo.gl/maps/X33dkpnHDAr,22:40,22:40,BS-1,https://goo.gl/maps/X33dkpnHDAr,18 Muharram 1448,https://www.cambournecrescent.org/salah/v2/time-cc-today-v2.php?page=41
2026-07-05,Sun,02:50,04:00,BS-H,https://goo.gl/maps/X33dkpnHDAr,04:46,13:09,,,,18:41,,,,21:25,21:25,BS-1,https://goo.gl/maps/X33dkpnHDAr,22:39,22:40,,,19 Muharram 1448,https://www.cambournecrescent.org/salah/v2/time-cc-today-v2.php?page=42
2026-07-06,Mon,02:51,04:00,NCP,https://goo.gl/maps/sZVnqKp8hp12,04:47,13:10,,,,18:41,,,,21:25,21:25,NCP,https://goo.gl/maps/sZVnqKp8hp12,22:38,22:40,NCP,https://goo.gl/maps/sZVnqKp8hp12,20 Muharram 1448,https://www.cambournecrescent.org/salah/v2/time-cc-today-v2.php?page=43
2026-07-07,Tue,02:52,04:00,NCP,https://goo.gl/maps/sZVnqKp8hp12,04:48,13:10,,,,18:41,,,,21:24,21:25,NCP,https://goo.gl/maps/sZVnqKp8hp12,22:37,22:40,NCP,https://goo.gl/maps/sZVnqKp8hp12,21 Muharram 1448,https://www.cambournecrescent.org/salah/v2/time-cc-today-v2.php?page=44
2026-07-08,Wed,02:53,04:00,NCP,https://goo.gl/maps/sZVnqKp8hp12,04:49,13:10,,,,18:40,,,,21:23,21:25,NCP,https://goo.gl/maps/sZVnqKp8hp12,22:36,22:40,NCP,https://goo.gl/maps/sZVnqKp8hp12,22 Muharram 1448,https://www.cambournecrescent.org/salah/v2/time-cc-today-v2.php?page=45
2026-07-09,Thu,02:55,04:00,NCP,https://goo.gl/maps/sZVnqKp8hp12,04:50,13:10,,,,18:40,,,,21:23,21:25,NCP,https://goo.gl/maps/sZVnqKp8hp12,22:35,22:40,NCP,https://goo.gl/maps/sZVnqKp8hp12,23 Muharram 1448,https://www.cambournecrescent.org/salah/v2/time-cc-today-v2.php?page=46
2026-07-10,Fri,02:56,04:00,NCP,https://goo.gl/maps/sZVnqKp8hp12,04:51,,,,,18:40,,,,21:22,21:25,BS-H,https://goo.gl/maps/X33dkpnHDAr,22:34,22:40,BS-1,https://goo.gl/maps/X33dkpnHDAr,24 Muharram 1448,https://www.cambournecrescent.org/salah/v2/time-cc-today-v2.php?page=47
2026-07-11,Sat,02:57,04:00,BS-H,https://goo.gl/maps/X33dkpnHDAr,04:52,13:10,,,,18:39,,,,21:21,21:25,BS-H,https://goo.gl/maps/X33dkpnHDAr,22:33,22:35,BS-1,https://goo.gl/maps/X33dkpnHDAr,25 Muharram 1448,https://www.cambournecrescent.org/salah/v2/time-cc-today-v2.php?page=48
2026-07-12,Sun,02:59,04:00,BS-H,https://goo.gl/maps/X33dkpnHDAr,04:53,13:10,,,,18:39,,,,21:20,21:20,BS-1,https://goo.gl/maps/X33dkpnHDAr,22:32,22:35,BS-H,https://goo.gl/maps/X33dkpnHDAr,26 Muharram 1448,https://www.cambournecrescent.org/salah/v2/time-cc-today-v2.php?page=49
2026-07-13,Mon,03:00,04:00,NCP,https://goo.gl/maps/sZVnqKp8hp12,04:54,13:11,,,,18:38,,,,21:19,21:20,NCP,https://goo.gl/maps/sZVnqKp8hp12,22:30,22:35,NCP,https://goo.gl/maps/sZVnqKp8hp12,27 Muharram 1448,https://www.cambournecrescent.org/salah/v2/time-cc-today-v2.php?page=50
2026-07-14,Tue,03:02,04:00,NCP,https://goo.gl/maps/sZVnqKp8hp12,04:55,13:11,,,,18:38,,,,21:18,21:20,NCP,https://goo.gl/maps/sZVnqKp8hp12,22:29,22:35,NCP,https://goo.gl/maps/sZVnqKp8hp12,28 Muharram 1448,https://www.cambournecrescent.org/salah/v2/time-cc-today-v2.php?page=51
2026-07-15,Wed,03:03,04:00,NCP,https://goo.gl/maps/sZVnqKp8hp12,04:57,13:11,,,,18:37,,,,21:17,21:20,NCP,https://goo.gl/maps/sZVnqKp8hp12,22:28,22:35,NCP,https://goo.gl/maps/sZVnqKp8hp12,29 Muharram 1448,https://www.cambournecrescent.org/salah/v2/time-cc-today-v2.php?page=52
2026-07-16,Thu,03:05,04:00,NCP,https://goo.gl/maps/sZVnqKp8hp12,04:58,13:11,,,,18:37,,,,21:16,21:20,NCP,https://goo.gl/maps/sZVnqKp8hp12,22:26,22:35,NCP,https://goo.gl/maps/sZVnqKp8hp12,30 Muharram 1448,https://www.cambournecrescent.org/salah/v2/time-cc-today-v2.php?page=53
2026-07-17,Fri,03:06,04:00,NCP,https://goo.gl/maps/sZVnqKp8hp12,04:59,,,,,18:36,,,,21:15,21:15,BS-H,https://goo.gl/maps/X33dkpnHDAr,22:25,22:35,BS-1,https://goo.gl/maps/X33dkpnHDAr,1 Safar 1448,https://www.cambournecrescent.org/salah/v2/time-cc-today-v2.php?page=54
2026-07-18,Sat,03:08,04:15,BS-H,https://goo.gl/maps/X33dkpnHDAr,05:00,13:11,,,,18:36,,,,21:14,21:15,BS-H,https://goo.gl/maps/X33dkpnHDAr,22:24,22:30,BS-1,https://goo.gl/maps/X33dkpnHDAr,2 Safar 1448,https://www.cambournecrescent.org/salah/v2/time-cc-today-v2.php?page=55
2026-07-19,Sun,03:10,04:15,BS-H,https://goo.gl/maps/X33dkpnHDAr,05:02,13:11,,,,18:35,,,,21:13,21:15,BS-H,https://goo.gl/maps/X33dkpnHDAr,22:22,22:30,BS-1,https://goo.gl/maps/X33dkpnHDAr,3 Safar 1448,https://www.cambournecrescent.org/salah/v2/time-cc-today-v2.php?page=56
2026-07-20,Mon,03:11,04:15,NCP,https://goo.gl/maps/sZVnqKp8hp12,05:03,13:11,,,,18:34,,,,21:12,21:15,NCP,https://goo.gl/maps/sZVnqKp8hp12,22:20,22:30,NCP,https://goo.gl/maps/sZVnqKp8hp12,4 Safar 1448,https://www.cambournecrescent.org/salah/v2/time-cc-today-v2.php?page=57
2026-07-21,Tue,03:13,04:15,NCP,https://goo.gl/maps/sZVnqKp8hp12,05:04,13:11,,,,18:34,,,,21:10,21:10,NCP,https://goo.gl/maps/sZVnqKp8hp12,22:19,22:30,NCP,https://goo.gl/maps/sZVnqKp8hp12,5 Safar 1448,https://www.cambournecrescent.org/salah/v2/time-cc-today-v2.php?page=58
2026-07-22,Wed,03:15,04:15,NCP,https://goo.gl/maps/sZVnqKp8hp12,05:06,13:11,,,,18:33,,,,21:09,21:10,NCP,https://goo.gl/maps/sZVnqKp8hp12,22:17,22:30,NCP,https://goo.gl/maps/sZVnqKp8hp12,6 Safar 1448,https://www.cambournecrescent.org/salah/v2/time-cc-today-v2.php?page=59
2026-07-23,Thu,03:16,04:15,NCP,https://goo.gl/maps/sZVnqKp8hp12,05:07,13:11,,,,18:32,,,,21:08,21:10,NCP,https://goo.gl/maps/sZVnqKp8hp12,22:16,22:30,NCP,https://goo.gl/maps/sZVnqKp8hp12,7 Safar 1448,https://www.cambournecrescent.org/salah/v2/time-cc-today-v2.php?page=60
2026-07-24,Fri,03:18,04:15,NCP,https://goo.gl/maps/sZVnqKp8hp12,05:09,,,,,18:31,,,,21:06,21:10,BS-H,https://goo.gl/maps/X33dkpnHDAr,22:14,22:30,BS-1,https://goo.gl/maps/X33dkpnHDAr,8 Safar 1448,https://www.cambournecrescent.org/salah/v2/time-cc-today-v2.php?page=61
2026-07-25,Sat,03:20,04:30,BS-H,https://goo.gl/maps/X33dkpnHDAr,05:10,13:11,,,,18:31,,,,21:05,21:05,BS-H,https://goo.gl/maps/X33dkpnHDAr,22:12,22:15,BS-1,https://goo.gl/maps/X33dkpnHDAr,9 Safar 1448,https://www.cambournecrescent.org/salah/v2/time-cc-today-v2.php?page=62
2026-07-26,Sun,03:22,04:30,BS-H,https://goo.gl/maps/X33dkpnHDAr,05:12,13:11,,,,18:30,,,,21:03,21:05,BS-H,https://goo.gl/maps/X33dkpnHDAr,22:10,22:15,BS-1,https://goo.gl/maps/X33dkpnHDAr,10 Safar 1448,https://www.cambournecrescent.org/salah/v2/time-cc-today-v2.php?page=63
2026-07-27,Mon,03:23,04:30,NCP,https://goo.gl/maps/sZVnqKp8hp12,05:13,13:11,,,,18:29,,,,21:02,21:05,NCP,https://goo.gl/maps/sZVnqKp8hp12,22:09,22:15,NCP,https://goo.gl/maps/sZVnqKp8hp12,11 Safar 1448,https://www.cambournecrescent.org/salah/v2/time-cc-today-v2.php?page=64
2026-07-28,Tue,03:25,04:30,NCP,https://goo.gl/maps/sZVnqKp8hp12,05:15,13:11,,,,18:28,,,,21:00,21:00,NCP,https://goo.gl/maps/sZVnqKp8hp12,22:07,22:15,NCP,https://goo.gl/maps/sZVnqKp8hp12,12 Safar 1448,https://www.cambournecrescent.org/salah/v2/time-cc-today-v2.php?page=65
2026-07-29,Wed,03:27,04:30,NCP,https://goo.gl/maps/sZVnqKp8hp12,05:16,13:11,,,,18:27,,,,20:59,21:00,NCP,https://goo.gl/maps/sZVnqKp8hp12,22:05,22:15,NCP,https://goo.gl/maps/sZVnqKp8hp12,13 Safar 1448,https://www.cambournecrescent.org/salah/v2/time-cc-today-v2.php?page=66
2026-07-30,Thu,03:29,04:30,NCP,https://goo.gl/maps/sZVnqKp8hp12,05:18,13:11,,,,18:26,,,,20:57,21:00,NCP,https://goo.gl/maps/sZVnqKp8hp12,22:03,22:15,NCP,https://goo.gl/maps/sZVnqKp8hp12,14 Safar 1448,https://www.cambournecrescent.org/salah/v2/time-cc-today-v2.php?page=67
2026-07-31,Fri,03:31,04:30,NCP,https://goo.gl/maps/sZVnqKp8hp12,05:19,,,,,18:25,,,,20:55,20:55,BS-1,https://goo.gl/maps/X33dkpnHDAr,22:01,22:15,BS-H,https://goo.gl/maps/X33dkpnHDAr,15 Safar 1448,https://www.cambournecrescent.org/salah/v2/time-cc-today-v2.php?page=68
2026-08-01,Sat,03:33,04:30,BS-H,https://goo.gl/maps/X33dkpnHDAr,05:21,13:11,,,,18:24,,,,20:54,20:55,BS-1,https://goo.gl/maps/X33dkpnHDAr,21:59,22:00,BS-1,https://goo.gl/maps/X33dkpnHDAr,16 Safar 1448,https://www.cambournecrescent.org/salah/v2/time-cc-today-v2.php?page=69
2026-08-02,Sun,03:35,04:30,BS-H,https://goo.gl/maps/X33dkpnHDAr,05:22,13:11,,,,18:23,,,,20:52,20:55,BS-1,https://goo.gl/maps/X33dkpnHDAr,21:57,22:00,BS-1,https://goo.gl/maps/X33dkpnHDAr,17 Safar 1448,https://www.cambournecrescent.org/salah/v2/time-cc-today-v2.php?page=70
2026-08-03,Mon,03:36,04:30,NCP,https://goo.gl/maps/sZVnqKp8hp12,05:24,13:11,,,,18:22,,,,20:50,20:50,NCP,https://goo.gl/maps/sZVnqKp8hp12,21:55,22:00,NCP,https://goo.gl/maps/sZVnqKp8hp12,18 Safar 1448,https://www.cambournecrescent.org/salah/v2/time-cc-today-v2.php?page=71
2026-08-04,Tue,03:38,04:30,NCP,https://goo.gl/maps/sZVnqKp8hp12,05:25,13:11,,,,18:21,,,,20:49,20:50,NCP,https://goo.gl/maps/sZVnqKp8hp12,21:53,22:00,NCP,https://goo.gl/maps/sZVnqKp8hp12,19 Safar 1448,https://www.cambournecrescent.org/salah/v2/time-cc-today-v2.php?page=72
2026-08-05,Wed,03:40,04:30,NCP,https://goo.gl/maps/sZVnqKp8hp12,05:27,13:11,,,,18:20,,,,20:47,20:50,NCP,https://goo.gl/maps/sZVnqKp8hp12,21:51,22:00,NCP,https://goo.gl/maps/sZVnqKp8hp12,20 Safar 1448,https://www.cambournecrescent.org/salah/v2/time-cc-today-v2.php?page=73
2026-08-06,Thu,03:42,04:30,NCP,https://goo.gl/maps/sZVnqKp8hp12,05:29,13:11,,,,18:19,,,,20:45,20:45,NCP,https://goo.gl/maps/sZVnqKp8hp12,21:48,22:00,NCP,https://goo.gl/maps/sZVnqKp8hp12,21 Safar 1448,https://www.cambournecrescent.org/salah/v2/time-cc-today-v2.php?page=74
2026-08-07,Fri,03:44,04:30,NCP,https://goo.gl/maps/sZVnqKp8hp12,05:30,,,,,18:17,,,,20:43,20:45,BS-1,https://goo.gl/maps/X33dkpnHDAr,21:46,22:00,BS-1,https://goo.gl/maps/X33dkpnHDAr,22 Safar 1448,https://www.cambournecrescent.org/salah/v2/time-cc-today-v2.php?page=75
2026-08-08,Sat,03:46,04:45,BS-H,https://goo.gl/maps/X33dkpnHDAr,05:32,13:10,,,,18:16,,,,20:41,20:45,BS-1,https://goo.gl/maps/X33dkpnHDAr,21:45,21:45,BS-1,https://goo.gl/maps/X33dkpnHDAr,23 Safar 1448,https://www.cambournecrescent.org/salah/v2/time-cc-today-v2.php?page=76
2026-08-09,Sun,03:48,04:45,BS-H,https://goo.gl/maps/X33dkpnHDAr,05:33,13:10,,,,18:15,,,,20:39,20:40,BS-1,https://goo.gl/maps/X33dkpnHDAr,21:43,21:45,BS-1,https://goo.gl/maps/X33dkpnHDAr,24 Safar 1448,https://www.cambournecrescent.org/salah/v2/time-cc-today-v2.php?page=77
2026-08-10,Mon,03:50,04:45,NCP,https://goo.gl/maps/sZVnqKp8hp12,05:35,13:10,,,,18:14,,,,20:37,20:40,NCP,https://goo.gl/maps/sZVnqKp8hp12,21:41,21:45,NCP,https://goo.gl/maps/sZVnqKp8hp12,25 Safar 1448,https://www.cambournecrescent.org/salah/v2/time-cc-today-v2.php?page=78
2026-08-11,Tue,03:52,04:45,NCP,https://goo.gl/maps/sZVnqKp8hp12,05:37,13:10,,,,18:12,,,,20:35,20:35,NCP,https://goo.gl/maps/sZVnqKp8hp12,21:40,21:45,NCP,https://goo.gl/maps/sZVnqKp8hp12,26 Safar 1448,https://www.cambournecrescent.org/salah/v2/time-cc-today-v2.php?page=79
2026-08-12,Wed,03:54,04:45,NCP,https://goo.gl/maps/sZVnqKp8hp12,05:38,13:10,,,,18:11,,,,20:33,20:35,NCP,https://goo.gl/maps/sZVnqKp8hp12,21:38,21:45,NCP,https://goo.gl/maps/sZVnqKp8hp12,27 Safar 1448,https://www.cambournecrescent.org/salah/v2/time-cc-today-v2.php?page=80
2026-08-13,Thu,03:55,04:45,NCP,https://goo.gl/maps/sZVnqKp8hp12,05:40,13:10,,,,18:10,,,,20:31,20:35,NCP,https://goo.gl/maps/sZVnqKp8hp12,21:36,21:45,NCP,https://goo.gl/maps/sZVnqKp8hp12,28 Safar 1448,https://www.cambournecrescent.org/salah/v2/time-cc-today-v2.php?page=81
2026-08-14,Fri,03:57,04:45,NCP,https://goo.gl/maps/sZVnqKp8hp12,05:41,,,,,18:08,,,,20:29,20:30,BS-1,https://goo.gl/maps/X33dkpnHDAr,21:34,21:45,BS-1,https://goo.gl/maps/X33dkpnHDAr,29 Safar 1448,https://www.cambournecrescent.org/salah/v2/time-cc-today-v2.php?page=82
2026-08-15,Sat,03:59,05:00,BS-H,https://goo.gl/maps/X33dkpnHDAr,05:43,13:09,,,,18:07,,,,20:27,20:30,BS-1,https://goo.gl/maps/X33dkpnHDAr,21:33,21:45,BS-1,https://goo.gl/maps/X33dkpnHDAr,1 Rabi al-Awwal 1448,https://www.cambournecrescent.org/salah/v2/time-cc-today-v2.php?page=83
2026-08-16,Sun,04:01,05:00,BS-H,https://goo.gl/maps/X33dkpnHDAr,05:45,13:09,,,,18:06,,,,20:25,20:25,BS-1,https://goo.gl/maps/X33dkpnHDAr,21:31,21:45,BS-1,https://goo.gl/maps/X33dkpnHDAr,2 Rabi al-Awwal 1448,https://www.cambournecrescent.org/salah/v2/time-cc-today-v2.php?page=84
2026-08-17,Mon,04:03,05:00,NCP,https://goo.gl/maps/sZVnqKp8hp12,05:46,13:09,,,,18:04,,,,20:23,20:25,NCP,https://goo.gl/maps/sZVnqKp8hp12,21:29,21:45,NCP,https://goo.gl/maps/sZVnqKp8hp12,3 Rabi al-Awwal 1448,https://www.cambournecrescent.org/salah/v2/time-cc-today-v2.php?page=85
2026-08-18,Tue,04:05,05:00,NCP,https://goo.gl/maps/sZVnqKp8hp12,05:48,13:09,,,,18:03,,,,20:21,20:25,NCP,https://goo.gl/maps/sZVnqKp8hp12,21:27,21:45,NCP,https://goo.gl/maps/sZVnqKp8hp12,4 Rabi al-Awwal 1448,https://www.cambournecrescent.org/salah/v2/time-cc-today-v2.php?page=86
2026-08-19,Wed,04:07,05:00,NCP,https://goo.gl/maps/sZVnqKp8hp12,05:50,13:08,,,,18:01,,,,20:19,20:20,NCP,https://goo.gl/maps/sZVnqKp8hp12,21:25,21:45,NCP,https://goo.gl/maps/sZVnqKp8hp12,5 Rabi al-Awwal 1448,https://www.cambournecrescent.org/salah/v2/time-cc-today-v2.php?page=87
2026-08-20,Thu,04:09,05:00,NCP,https://goo.gl/maps/sZVnqKp8hp12,05:51,13:08,,,,18:00,,,,20:17,20:20,NCP,https://goo.gl/maps/sZVnqKp8hp12,21:23,21:45,NCP,https://goo.gl/maps/sZVnqKp8hp12,6 Rabi al-Awwal 1448,https://www.cambournecrescent.org/salah/v2/time-cc-today-v2.php?page=88
2026-08-21,Fri,04:11,05:00,NCP,https://goo.gl/maps/sZVnqKp8hp12,05:53,,,,,17:58,,,,20:15,20:15,BS-1,https://goo.gl/maps/X33dkpnHDAr,21:21,21:45,BS-H,https://goo.gl/maps/X33dkpnHDAr,7 Rabi al-Awwal 1448,https://www.cambournecrescent.org/salah/v2/time-cc-today-v2.php?page=89
2026-08-22,Sat,04:13,05:15,NCP,https://goo.gl/maps/sZVnqKp8hp12,05:55,13:08,,,,17:56,,,,20:13,20:15,BS-1,https://goo.gl/maps/X33dkpnHDAr,21:19,21:30,BS-H,https://goo.gl/maps/X33dkpnHDAr,8 Rabi al-Awwal 1448,https://www.cambournecrescent.org/salah/v2/time-cc-today-v2.php?page=90
2026-08-23,Sun,04:15,05:15,NCP,https://goo.gl/maps/sZVnqKp8hp12,05:56,13:07,,,,17:55,,,,20:11,20:15,BS-1,https://goo.gl/maps/X33dkpnHDAr,21:18,21:30,BS-H,https://goo.gl/maps/X33dkpnHDAr,9 Rabi al-Awwal 1448,https://www.cambournecrescent.org/salah/v2/time-cc-today-v2.php?page=91
2026-08-24,Mon,04:16,05:15,NCP,https://goo.gl/maps/sZVnqKp8hp12,05:58,13:07,,,,17:53,,,,20:08,20:10,NCP,https://goo.gl/maps/sZVnqKp8hp12,21:16,21:30,NCP,https://goo.gl/maps/sZVnqKp8hp12,10 Rabi al-Awwal 1448,https://www.cambournecrescent.org/salah/v2/time-cc-today-v2.php?page=92
2026-08-25,Tue,04:18,05:15,NCP,https://goo.gl/maps/sZVnqKp8hp12,06:00,13:07,,,,17:52,,,,20:06,20:10,NCP,https://goo.gl/maps/sZVnqKp8hp12,21:14,21:30,NCP,https://goo.gl/maps/sZVnqKp8hp12,11 Rabi al-Awwal 1448,https://www.cambournecrescent.org/salah/v2/time-cc-today-v2.php?page=93
2026-08-26,Wed,04:20,05:15,NCP,https://goo.gl/maps/sZVnqKp8hp12,06:01,13:07,,,,17:50,,,,20:04,20:05,NCP,https://goo.gl/maps/sZVnqKp8hp12,21:12,21:30,NCP,https://goo.gl/maps/sZVnqKp8hp12,12 Rabi al-Awwal 1448,https://www.cambournecrescent.org/salah/v2/time-cc-today-v2.php?page=94
2026-08-27,Thu,04:22,05:15,NCP,https://goo.gl/maps/sZVnqKp8hp12,06:03,13:06,,,,17:48,,,,20:02,20:05,NCP,https://goo.gl/maps/sZVnqKp8hp12,21:10,21:30,NCP,https://goo.gl/maps/sZVnqKp8hp12,13 Rabi al-Awwal 1448,https://www.cambournecrescent.org/salah/v2/time-cc-today-v2.php?page=95
2026-08-28,Fri,04:24,05:15,NCP,https://goo.gl/maps/sZVnqKp8hp12,06:04,,,,,17:47,,,,19:59,20:00,BS-1,https://goo.gl/maps/X33dkpnHDAr,21:08,21:30,BS-H,https://goo.gl/maps/X33dkpnHDAr,14 Rabi al-Awwal 1448,https://www.cambournecrescent.org/salah/v2/time-cc-today-v2.php?page=96
2026-08-29,Sat,04:26,05:30,NCP,https://goo.gl/maps/sZVnqKp8hp12,06:06,13:06,,,,17:45,,,,19:57,20:00,BS-1,https://goo.gl/maps/X33dkpnHDAr,21:06,21:15,BS-H,https://goo.gl/maps/X33dkpnHDAr,15 Rabi al-Awwal 1448,https://www.cambournecrescent.org/salah/v2/time-cc-today-v2.php?page=97
2026-08-30,Sun,04:28,05:30,NCP,https://goo.gl/maps/sZVnqKp8hp12,06:08,13:05,,,,17:43,,,,19:55,19:55,BS-H,https://goo.gl/maps/X33dkpnHDAr,21:04,21:15,,,16 Rabi al-Awwal 1448,https://www.cambournecrescent.org/salah/v2/time-cc-today-v2.php?page=98
2026-08-31,Mon,04:30,05:30,NCP,https://goo.gl/maps/sZVnqKp8hp12,06:09,13:05,,,,17:42,,,,19:53,19:55,NCP,https://goo.gl/maps/sZVnqKp8hp12,21:02,21:15,NCP,https://goo.gl/maps/sZVnqKp8hp12,17 Rabi al-Awwal 1448,https://www.cambournecrescent.org/salah/v2/time-cc-today-v2.php?page=99
2026-09-01,Tue,04:32,05:30,NCP,https://goo.gl/maps/sZVnqKp8hp12,06:11,13:05,,,,17:40,,,,19:50,19:50,NCP,https://goo.gl/maps/sZVnqKp8hp12,21:00,21:15,NCP,https://goo.gl/maps/sZVnqKp8hp12,18 Rabi al-Awwal 1448,https://www.cambournecrescent.org/salah/v2/time-cc-today-v2.php?page=100
2026-09-02,Wed,04:34,05:30,NCP,https://goo.gl/maps/sZVnqKp8hp12,06:13,13:04,,,,17:38,,,,19:48,19:50,NCP,https://goo.gl/maps/sZVnqKp8hp12,20:57,21:15,NCP,https://goo.gl/maps/sZVnqKp8hp12,19 Rabi al-Awwal 1448,https://www.cambournecrescent.org/salah/v2/time-cc-today-v2.php?page=101
2026-09-03,Thu,04:36,05:30,NCP,https://goo.gl/maps/sZVnqKp8hp12,06:14,13:04,,,,17:36,,,,19:46,19:50,NCP,https://goo.gl/maps/sZVnqKp8hp12,20:55,21:15,NCP,https://goo.gl/maps/sZVnqKp8hp12,20 Rabi al-Awwal 1448,https://www.cambournecrescent.org/salah/v2/time-cc-today-v2.php?page=102
2026-09-04,Fri,04:38,05:30,NCP,https://goo.gl/maps/sZVnqKp8hp12,06:16,,,,,17:34,,,,19:44,19:45,BS-1,https://goo.gl/maps/X33dkpnHDAr,20:53,21:15,BS-1,https://goo.gl/maps/X33dkpnHDAr,21 Rabi al-Awwal 1448,https://www.cambournecrescent.org/salah/v2/time-cc-today-v2.php?page=103
2026-09-05,Sat,04:39,05:30,NCP,https://goo.gl/maps/sZVnqKp8hp12,06:18,13:03,,,,17:33,,,,19:41,19:45,BS-1,https://goo.gl/maps/X33dkpnHDAr,20:51,21:00,BS-1,https://goo.gl/maps/X33dkpnHDAr,22 Rabi al-Awwal 1448,https://www.cambournecrescent.org/salah/v2/time-cc-today-v2.php?page=104
2026-09-06,Sun,04:41,05:30,NCP,https://goo.gl/maps/sZVnqKp8hp12,06:19,13:03,,,,17:31,,,,19:39,19:40,BS-1,https://goo.gl/maps/X33dkpnHDAr,20:49,21:00,BS-1,https://goo.gl/maps/X33dkpnHDAr,23 Rabi al-Awwal 1448,https://www.cambournecrescent.org/salah/v2/time-cc-today-v2.php?page=105
2026-09-07,Mon,04:43,05:30,NCP,https://goo.gl/maps/sZVnqKp8hp12,06:21,13:03,,,,17:29,,,,19:37,19:40,NCP,https://goo.gl/maps/sZVnqKp8hp12,20:47,21:00,NCP,https://goo.gl/maps/sZVnqKp8hp12,24 Rabi al-Awwal 1448,https://www.cambournecrescent.org/salah/v2/time-cc-today-v2.php?page=106
2026-09-08,Tue,04:45,05:30,NCP,https://goo.gl/maps/sZVnqKp8hp12,06:23,13:02,,,,17:27,,,,19:34,19:35,NCP,https://goo.gl/maps/sZVnqKp8hp12,20:45,21:00,NCP,https://goo.gl/maps/sZVnqKp8hp12,25 Rabi al-Awwal 1448,https://www.cambournecrescent.org/salah/v2/time-cc-today-v2.php?page=107
2026-09-09,Wed,04:47,05:30,NCP,https://goo.gl/maps/sZVnqKp8hp12,06:24,13:02,,,,17:25,,,,19:32,19:35,NCP,https://goo.gl/maps/sZVnqKp8hp12,20:43,21:00,NCP,https://goo.gl/maps/sZVnqKp8hp12,26 Rabi al-Awwal 1448,https://www.cambournecrescent.org/salah/v2/time-cc-today-v2.php?page=108
2026-09-10,Thu,04:49,05:30,NCP,https://goo.gl/maps/sZVnqKp8hp12,06:26,13:02,,,,17:23,,,,19:30,19:30,NCP,https://goo.gl/maps/sZVnqKp8hp12,20:41,21:00,NCP,https://goo.gl/maps/sZVnqKp8hp12,27 Rabi al-Awwal 1448,https://www.cambournecrescent.org/salah/v2/time-cc-today-v2.php?page=109
2026-09-11,Fri,04:51,05:30,NCP,https://goo.gl/maps/sZVnqKp8hp12,06:27,,,,,17:21,,,,19:27,19:30,BS-1,https://goo.gl/maps/X33dkpnHDAr,20:39,21:00,BS-1,https://goo.gl/maps/X33dkpnHDAr,28 Rabi al-Awwal 1448,https://www.cambournecrescent.org/salah/v2/time-cc-today-v2.php?page=110
2026-09-12,Sat,04:53,05:45,,,06:29,13:01,,,,17:20,,,,19:25,19:25,BS-1,https://goo.gl/maps/X33dkpnHDAr,20:37,20:45,BS-1,https://goo.gl/maps/X33dkpnHDAr,29 Rabi al-Awwal 1448,https://www.cambournecrescent.org/salah/v2/time-cc-today-v2.php?page=111
2026-09-13,Sun,04:55,05:45,,,06:31,13:01,,,,17:18,,,,19:23,19:25,BS-1,https://goo.gl/maps/X33dkpnHDAr,20:34,20:45,BS-1,https://goo.gl/maps/X33dkpnHDAr,30 Rabi al-Awwal 1448,https://www.cambournecrescent.org/salah/v2/time-cc-today-v2.php?page=112
2026-09-14,Mon,04:57,05:45,NCP,https://goo.gl/maps/sZVnqKp8hp12,06:32,13:00,,,,17:16,,,,19:20,19:20,,,20:32,20:45,NCP,https://goo.gl/maps/sZVnqKp8hp12,1 Rabi al-Thani 1448,https://www.cambournecrescent.org/salah/v2/time-cc-today-v2.php?page=113
2026-09-15,Tue,04:59,05:45,NCP,https://goo.gl/maps/sZVnqKp8hp12,06:34,13:00,,,,17:14,,,,19:18,19:20,NCP,https://goo.gl/maps/sZVnqKp8hp12,20:30,20:45,NCP,https://goo.gl/maps/sZVnqKp8hp12,2 Rabi al-Thani 1448,https://www.cambournecrescent.org/salah/v2/time-cc-today-v2.php?page=114
2026-09-16,Wed,05:01,05:45,NCP,https://goo.gl/maps/sZVnqKp8hp12,06:36,13:00,,,,17:12,,,,19:15,19:15,NCP,https://goo.gl/maps/sZVnqKp8hp12,20:28,20:45,NCP,https://goo.gl/maps/sZVnqKp8hp12,3 Rabi al-Thani 1448,https://www.cambournecrescent.org/salah/v2/time-cc-today-v2.php?page=115
2026-09-17,Thu,05:02,05:45,NCP,https://goo.gl/maps/sZVnqKp8hp12,06:37,12:59,,,,17:10,,,,19:13,19:15,NCP,https://goo.gl/maps/sZVnqKp8hp12,20:26,20:45,NCP,https://goo.gl/maps/sZVnqKp8hp12,4 Rabi al-Thani 1448,https://www.cambournecrescent.org/salah/v2/time-cc-today-v2.php?page=116
2026-09-18,Fri,05:04,05:45,NCP,https://goo.gl/maps/sZVnqKp8hp12,06:39,,,,,17:08,,,,19:11,19:15,BS-1,https://goo.gl/maps/X33dkpnHDAr,20:24,20:45,BS-1,https://goo.gl/maps/X33dkpnHDAr,5 Rabi al-Thani 1448,https://www.cambournecrescent.org/salah/v2/time-cc-today-v2.php?page=117
2026-09-19,Sat,05:06,06:00,NCP,https://goo.gl/maps/sZVnqKp8hp12,06:41,12:58,,,,17:06,,,,19:08,19:10,BS-1,https://goo.gl/maps/X33dkpnHDAr,20:22,20:30,BS-1,https://goo.gl/maps/X33dkpnHDAr,6 Rabi al-Thani 1448,https://www.cambournecrescent.org/salah/v2/time-cc-today-v2.php?page=118
2026-09-20,Sun,05:08,06:00,NCP,https://goo.gl/maps/sZVnqKp8hp12,06:42,12:58,,,,17:04,,,,19:06,19:10,BS-1,https://goo.gl/maps/X33dkpnHDAr,20:20,20:30,BS-1,https://goo.gl/maps/X33dkpnHDAr,7 Rabi al-Thani 1448,https://www.cambournecrescent.org/salah/v2/time-cc-today-v2.php?page=119
2026-09-21,Mon,05:10,06:00,NCP,https://goo.gl/maps/sZVnqKp8hp12,06:44,12:58,,,,17:02,,,,19:04,19:05,,,20:17,20:30,NCP,https://goo.gl/maps/sZVnqKp8hp12,8 Rabi al-Thani 1448,https://www.cambournecrescent.org/salah/v2/time-cc-today-v2.php?page=120
2026-09-22,Tue,05:12,06:00,NCP,https://goo.gl/maps/sZVnqKp8hp12,06:46,12:57,,,,17:00,,,,19:01,19:05,,,20:15,20:30,NCP,https://goo.gl/maps/sZVnqKp8hp12,9 Rabi al-Thani 1448,https://www.cambournecrescent.org/salah/v2/time-cc-today-v2.php?page=121
2026-09-23,Wed,05:14,06:00,NCP,https://goo.gl/maps/sZVnqKp8hp12,06:47,12:57,,,,16:58,,,,18:59,19:00,NCP,https://goo.gl/maps/sZVnqKp8hp12,20:13,20:30,NCP,https://goo.gl/maps/sZVnqKp8hp12,10 Rabi al-Thani 1448,https://www.cambournecrescent.org/salah/v2/time-cc-today-v2.php?page=122
2026-09-24,Thu,05:15,06:00,NCP,https://goo.gl/maps/sZVnqKp8hp12,06:49,12:57,,,,16:56,,,,18:57,19:00,NCP,https://goo.gl/maps/sZVnqKp8hp12,20:11,20:30,NCP,https://goo.gl/maps/sZVnqKp8hp12,11 Rabi al-Thani 1448,https://www.cambournecrescent.org/salah/v2/time-cc-today-v2.php?page=123
2026-09-25,Fri,05:17,06:00,NCP,https://goo.gl/maps/sZVnqKp8hp12,06:51,,,,,16:54,,,,18:54,18:55,BS-1,https://goo.gl/maps/X33dkpnHDAr,20:09,20:30,BS-1,https://goo.gl/maps/X33dkpnHDAr,12 Rabi al-Thani 1448,https://www.cambournecrescent.org/salah/v2/time-cc-today-v2.php?page=124
2026-09-26,Sat,05:18,06:00,NCP,https://goo.gl/maps/sZVnqKp8hp12,06:52,12:56,,,,16:52,,,,18:52,18:55,BS-1,https://goo.gl/maps/X33dkpnHDAr,20:07,20:15,BS-1,https://goo.gl/maps/X33dkpnHDAr,13 Rabi al-Thani 1448,https://www.cambournecrescent.org/salah/v2/time-cc-today-v2.php?page=125
2026-09-27,Sun,05:20,06:00,NCP,https://goo.gl/maps/sZVnqKp8hp12,06:54,12:56,,,,16:50,,,,18:50,18:50,BS-1,https://goo.gl/maps/X33dkpnHDAr,20:05,20:15,BS-1,https://goo.gl/maps/X33dkpnHDAr,14 Rabi al-Thani 1448,https://www.cambournecrescent.org/salah/v2/time-cc-today-v2.php?page=126
2026-09-28,Mon,05:22,06:00,NCP,https://goo.gl/maps/sZVnqKp8hp12,06:56,12:55,,,,16:48,,,,18:47,18:50,,,20:03,20:15,NCP,https://goo.gl/maps/sZVnqKp8hp12,15 Rabi al-Thani 1448,https://www.cambournecrescent.org/salah/v2/time-cc-today-v2.php?page=127
2026-09-29,Tue,05:23,06:00,NCP,https://goo.gl/maps/sZVnqKp8hp12,06:57,12:55,,,,16:46,,,,18:45,18:45,,,20:01,20:15,NCP,https://goo.gl/maps/sZVnqKp8hp12,16 Rabi al-Thani 1448,https://www.cambournecrescent.org/salah/v2/time-cc-today-v2.php?page=128
2026-09-30,Wed,05:25,06:00,NCP,https://goo.gl/maps/sZVnqKp8hp12,06:59,12:55,,,,16:44,,,,18:43,18:45,NCP,https://goo.gl/maps/sZVnqKp8hp12,19:58,20:15,NCP,https://goo.gl/maps/sZVnqKp8hp12,17 Rabi al-Thani 1448,https://www.cambournecrescent.org/salah/v2/time-cc-today-v2.php?page=129
2026-10-01,Thu,05:26,06:00,NCP,https://goo.gl/maps/sZVnqKp8hp12,07:01,12:54,,,,16:42,,,,18:40,18:40,NCP,https://goo.gl/maps/sZVnqKp8hp12,19:56,20:15,NCP,https://goo.gl/maps/sZVnqKp8hp12,18 Rabi al-Thani 1448,https://www.cambournecrescent.org/salah/v2/time-cc-today-v2.php?page=130
2026-10-02,Fri,05:28,06:00,NCP,https://goo.gl/maps/sZVnqKp8hp12,07:02,,,,,16:40,,,,18:38,18:40,,,19:54,20:15,NCP,https://goo.gl/maps/sZVnqKp8hp12,19 Rabi al-Thani 1448,https://www.cambournecrescent.org/salah/v2/time-cc-today-v2.php?page=131
2026-10-03,Sat,05:29,06:00,NCP,https://goo.gl/maps/sZVnqKp8hp12,07:04,12:54,,,,16:38,,,,18:36,18:40,,,19:52,20:05,,,20 Rabi al-Thani 1448,https://www.cambournecrescent.org/salah/v2/time-cc-today-v2.php?page=132
2026-10-04,Sun,05:31,06:00,NCP,https://goo.gl/maps/sZVnqKp8hp12,07:06,12:53,,,,16:35,,,,18:33,18:35,,,19:50,20:05,,,21 Rabi al-Thani 1448,https://www.cambournecrescent.org/salah/v2/time-cc-today-v2.php?page=133
2026-10-05,Mon,05:33,06:00,NCP,https://goo.gl/maps/sZVnqKp8hp12,07:07,12:53,,,,16:33,,,,18:31,18:35,,,19:48,20:05,NCP,https://goo.gl/maps/sZVnqKp8hp12,22 Rabi al-Thani 1448,https://www.cambournecrescent.org/salah/v2/time-cc-today-v2.php?page=134
2026-10-06,Tue,05:34,06:00,NCP,https://goo.gl/maps/sZVnqKp8hp12,07:09,12:53,,,,16:31,,,,18:29,18:30,,,19:46,20:05,NCP,https://goo.gl/maps/sZVnqKp8hp12,23 Rabi al-Thani 1448,https://www.cambournecrescent.org/salah/v2/time-cc-today-v2.php?page=135
2026-10-07,Wed,05:36,06:00,NCP,https://goo.gl/maps/sZVnqKp8hp12,07:11,12:53,,,,16:29,,,,18:26,18:30,NCP,https://goo.gl/maps/sZVnqKp8hp12,19:44,20:05,NCP,https://goo.gl/maps/sZVnqKp8hp12,24 Rabi al-Thani 1448,https://www.cambournecrescent.org/salah/v2/time-cc-today-v2.php?page=136
2026-10-08,Thu,05:37,06:00,NCP,https://goo.gl/maps/sZVnqKp8hp12,07:12,12:52,,,,16:27,,,,18:24,18:25,NCP,https://goo.gl/maps/sZVnqKp8hp12,19:42,20:05,NCP,https://goo.gl/maps/sZVnqKp8hp12,25 Rabi al-Thani 1448,https://www.cambournecrescent.org/salah/v2/time-cc-today-v2.php?page=137
2026-10-09,Fri,05:39,06:00,NCP,https://goo.gl/maps/sZVnqKp8hp12,07:14,,,,,16:25,,,,18:22,18:25,,,19:40,20:05,NCP,https://goo.gl/maps/sZVnqKp8hp12,26 Rabi al-Thani 1448,https://www.cambournecrescent.org/salah/v2/time-cc-today-v2.php?page=138
2026-10-10,Sat,05:41,06:15,NCP,https://goo.gl/maps/sZVnqKp8hp12,07:16,12:52,,,,16:23,,,,18:20,18:20,,,19:38,20:05,,,27 Rabi al-Thani 1448,https://www.cambournecrescent.org/salah/v2/time-cc-today-v2.php?page=139
2026-10-11,Sun,05:42,06:15,NCP,https://goo.gl/maps/sZVnqKp8hp12,07:18,12:51,,,,16:21,,,,18:17,18:20,,,19:36,20:05,,,28 Rabi al-Thani 1448,https://www.cambournecrescent.org/salah/v2/time-cc-today-v2.php?page=140
2026-10-12,Mon,05:44,06:15,NCP,https://goo.gl/maps/sZVnqKp8hp12,07:19,12:51,,,,16:19,,,,18:15,18:15,,,19:34,20:05,NCP,https://goo.gl/maps/sZVnqKp8hp12,29 Rabi al-Thani 1448,https://www.cambournecrescent.org/salah/v2/time-cc-today-v2.php?page=141
2026-10-13,Tue,05:46,06:15,NCP,https://goo.gl/maps/sZVnqKp8hp12,07:21,12:51,,,,16:17,,,,18:13,18:15,,,19:32,20:05,NCP,https://goo.gl/maps/sZVnqKp8hp12,,https://www.cambournecrescent.org/salah/v2/time-cc-today-v2.php?page=142
2026-10-14,Wed,05:47,06:15,NCP,https://goo.gl/maps/sZVnqKp8hp12,07:23,12:51,,,,16:15,,,,18:11,18:15,NCP,https://goo.gl/maps/sZVnqKp8hp12,19:30,20:05,NCP,https://goo.gl/maps/sZVnqKp8hp12,,https://www.cambournecrescent.org/salah/v2/time-cc-today-v2.php?page=143
2026-10-15,Thu,05:49,06:15,NCP,https://goo.gl/maps/sZVnqKp8hp12,07:25,12:50,,,,16:13,,,,18:08,18:10,NCP,https://goo.gl/maps/sZVnqKp8hp12,19:28,20:05,NCP,https://goo.gl/maps/sZVnqKp8hp12,,https://www.cambournecrescent.org/salah/v2/time-cc-today-v2.php?page=144
2026-10-16,Fri,05:51,06:15,NCP,https://goo.gl/maps/sZVnqKp8hp12,07:26,,,,,16:11,,,,18:06,18:10,,,19:26,20:05,NCP,https://goo.gl/maps/sZVnqKp8hp12,,https://www.cambournecrescent.org/salah/v2/time-cc-today-v2.php?page=145
2026-10-17,Sat,05:52,06:15,NCP,https://goo.gl/maps/sZVnqKp8hp12,07:28,12:50,,,,16:09,,,,18:04,18:05,,,19:24,20:05,,,,https://www.cambournecrescent.org/salah/v2/time-cc-today-v2.php?page=146
2026-10-18,Sun,05:54,06:15,NCP,https://goo.gl/maps/sZVnqKp8hp12,07:30,12:50,,,,16:07,,,,18:02,18:05,,,19:22,20:05,,,,https://www.cambournecrescent.org/salah/v2/time-cc-today-v2.php?page=147
2026-10-19,Mon,05:56,06:30,NCP,https://goo.gl/maps/sZVnqKp8hp12,07:32,12:50,,,,16:05,,,,18:00,18:00,,,19:20,20:05,NCP,https://goo.gl/maps/sZVnqKp8hp12,,https://www.cambournecrescent.org/salah/v2/time-cc-today-v2.php?page=148
2026-10-20,Tue,05:57,06:30,NCP,https://goo.gl/maps/sZVnqKp8hp12,07:33,12:49,,,,16:03,,,,17:58,18:00,,,19:18,20:05,NCP,https://goo.gl/maps/sZVnqKp8hp12,,https://www.cambournecrescent.org/salah/v2/time-cc-today-v2.php?page=149
2026-10-21,Wed,05:59,06:30,NCP,https://goo.gl/maps/sZVnqKp8hp12,07:35,12:49,,,,16:01,,,,17:56,18:00,,,19:17,20:05,NCP,https://goo.gl/maps/sZVnqKp8hp12,,https://www.cambournecrescent.org/salah/v2/time-cc-today-v2.php?page=150
2026-10-22,Thu,06:01,06:30,NCP,https://goo.gl/maps/sZVnqKp8hp12,07:37,12:49,,,,15:59,,,,17:53,17:55,NCP,https://goo.gl/maps/sZVnqKp8hp12,19:15,20:05,NCP,https://goo.gl/maps/sZVnqKp8hp12,,https://www.cambournecrescent.org/salah/v2/time-cc-today-v2.php?page=151
2026-10-23,Fri,06:02,06:15,NCP,https://goo.gl/maps/sZVnqKp8hp12,07:39,,,,,15:58,,,,17:51,17:55,NCP,https://goo.gl/maps/sZVnqKp8hp12,19:13,20:05,NCP,https://goo.gl/maps/sZVnqKp8hp12,,https://www.cambournecrescent.org/salah/v2/time-cc-today-v2.php?page=152
2026-10-24,Sat,06:04,06:30,NCP,https://goo.gl/maps/sZVnqKp8hp12,07:41,12:49,,,,15:56,,,,17:49,17:50,,,19:11,20:05,,,,https://www.cambournecrescent.org/salah/v2/time-cc-today-v2.php?page=153
2026-10-25,Sun,05:06,06:00,NCP,https://goo.gl/maps/sZVnqKp8hp12,06:42,11:49,,,,14:54,,,,16:47,16:50,,,18:09,20:05,,,,https://www.cambournecrescent.org/salah/v2/time-cc-today-v2.php?page=154
2026-10-26,Mon,05:07,06:00,NCP,https://goo.gl/maps/sZVnqKp8hp12,06:44,11:49,,,,14:52,,,,16:45,16:45,NCP,https://goo.gl/maps/sZVnqKp8hp12,18:08,20:05,NCP,https://goo.gl/maps/sZVnqKp8hp12,,https://www.cambournecrescent.org/salah/v2/time-cc-today-v2.php?page=155
2026-10-27,Tue,05:09,06:00,NCP,https://goo.gl/maps/sZVnqKp8hp12,06:46,11:49,,,,14:50,,,,16:43,16:45,NCP,https://goo.gl/maps/sZVnqKp8hp12,18:06,20:05,NCP,https://goo.gl/maps/sZVnqKp8hp12,,https://www.cambournecrescent.org/salah/v2/time-cc-today-v2.php?page=156
2026-10-28,Wed,05:11,06:00,NCP,https://goo.gl/maps/sZVnqKp8hp12,06:48,11:48,,,,14:48,,,,16:41,16:45,NCP,https://goo.gl/maps/sZVnqKp8hp12,18:04,20:05,NCP,https://goo.gl/maps/sZVnqKp8hp12,,https://www.cambournecrescent.org/salah/v2/time-cc-today-v2.php?page=157
2026-10-29,Thu,05:13,06:00,NCP,https://goo.gl/maps/sZVnqKp8hp12,06:50,11:48,,,,14:46,,,,16:39,16:40,NCP,https://goo.gl/maps/sZVnqKp8hp12,18:02,20:05,NCP,https://goo.gl/maps/sZVnqKp8hp12,,https://www.cambournecrescent.org/salah/v2/time-cc-today-v2.php?page=158
2026-10-30,Fri,05:14,06:00,NCP,https://goo.gl/maps/sZVnqKp8hp12,06:51,,,,,14:45,,,,16:37,16:40,NCP,https://goo.gl/maps/sZVnqKp8hp12,18:01,20:05,NCP,https://goo.gl/maps/sZVnqKp8hp12,,https://www.cambournecrescent.org/salah/v2/time-cc-today-v2.php?page=159
2026-10-31,Sat,05:16,06:00,NCP,https://goo.gl/maps/sZVnqKp8hp12,06:53,11:48,,,,14:43,,,,16:36,16:40,,,17:59,20:05,,,,https://www.cambournecrescent.org/salah/v2/time-cc-today-v2.php?page=160
2026-11-01,Sun,05:18,06:00,NCP,https://goo.gl/maps/sZVnqKp8hp12,06:55,11:48,,,,14:41,,,,16:34,16:35,BS-1,https://goo.gl/maps/X33dkpnHDAr,17:57,20:05,,,,https://www.cambournecrescent.org/salah/v2/time-cc-today-v2.php?page=161
2026-11-02,Mon,05:19,06:00,NCP,https://goo.gl/maps/sZVnqKp8hp12,06:57,11:48,,,,14:39,,,,16:32,16:35,NCP,https://goo.gl/maps/sZVnqKp8hp12,17:56,20:05,NCP,https://goo.gl/maps/sZVnqKp8hp12,,https://www.cambournecrescent.org/salah/v2/time-cc-today-v2.php?page=162
2026-11-03,Tue,05:21,06:00,NCP,https://goo.gl/maps/sZVnqKp8hp12,06:59,11:48,,,,14:38,,,,16:30,16:30,NCP,https://goo.gl/maps/sZVnqKp8hp12,17:54,20:05,NCP,https://goo.gl/maps/sZVnqKp8hp12,,https://www.cambournecrescent.org/salah/v2/time-cc-today-v2.php?page=163
2026-11-04,Wed,05:23,06:00,NCP,https://goo.gl/maps/sZVnqKp8hp12,07:00,11:48,,,,14:36,,,,16:28,16:30,BS-1,https://goo.gl/maps/X33dkpnHDAr,17:53,20:05,NCP,https://goo.gl/maps/sZVnqKp8hp12,,https://www.cambournecrescent.org/salah/v2/time-cc-today-v2.php?page=164
2026-11-05,Thu,05:25,06:00,NCP,https://goo.gl/maps/sZVnqKp8hp12,07:02,11:48,,,,14:34,,,,16:27,16:30,NCP,https://goo.gl/maps/sZVnqKp8hp12,17:51,20:05,NCP,https://goo.gl/maps/sZVnqKp8hp12,,https://www.cambournecrescent.org/salah/v2/time-cc-today-v2.php?page=165
2026-11-06,Fri,05:26,06:00,NCP,https://goo.gl/maps/sZVnqKp8hp12,07:04,,,,,14:33,,,,16:25,16:25,NCP,https://goo.gl/maps/sZVnqKp8hp12,17:50,20:05,NCP,https://goo.gl/maps/sZVnqKp8hp12,,https://www.cambournecrescent.org/salah/v2/time-cc-today-v2.php?page=166
2026-11-07,Sat,05:28,06:15,NCP,https://goo.gl/maps/sZVnqKp8hp12,07:06,11:48,,,,14:31,,,,16:23,16:25,BS-1,https://goo.gl/maps/X33dkpnHDAr,17:48,20:05,,,,https://www.cambournecrescent.org/salah/v2/time-cc-today-v2.php?page=167
2026-11-08,Sun,05:30,06:15,NCP,https://goo.gl/maps/sZVnqKp8hp12,07:08,11:48,,,,14:30,,,,16:21,16:25,BS-1,https://goo.gl/maps/X33dkpnHDAr,17:47,20:05,,,,https://www.cambournecrescent.org/salah/v2/time-cc-today-v2.php?page=168
2026-11-09,Mon,05:31,06:15,NCP,https://goo.gl/maps/sZVnqKp8hp12,07:09,11:49,,,,14:28,,,,16:20,16:20,NCP,https://goo.gl/maps/sZVnqKp8hp12,17:46,20:05,NCP,https://goo.gl/maps/sZVnqKp8hp12,,https://www.cambournecrescent.org/salah/v2/time-cc-today-v2.php?page=169
2026-11-10,Tue,05:33,06:15,NCP,https://goo.gl/maps/sZVnqKp8hp12,07:11,11:49,,,,14:26,,,,16:18,16:20,NCP,https://goo.gl/maps/sZVnqKp8hp12,17:44,20:05,NCP,https://goo.gl/maps/sZVnqKp8hp12,,https://www.cambournecrescent.org/salah/v2/time-cc-today-v2.php?page=170
2026-11-11,Wed,05:35,06:15,NCP,https://goo.gl/maps/sZVnqKp8hp12,07:13,11:49,,,,14:25,,,,16:17,16:20,BS-1,https://goo.gl/maps/X33dkpnHDAr,17:43,20:05,NCP,https://goo.gl/maps/sZVnqKp8hp12,,https://www.cambournecrescent.org/salah/v2/time-cc-today-v2.php?page=171
2026-11-12,Thu,05:36,06:15,NCP,https://goo.gl/maps/sZVnqKp8hp12,07:15,11:49,,,,14:24,,,,16:15,16:15,NCP,https://goo.gl/maps/sZVnqKp8hp12,17:42,20:05,NCP,https://goo.gl/maps/sZVnqKp8hp12,,https://www.cambournecrescent.org/salah/v2/time-cc-today-v2.php?page=172
2026-11-13,Fri,05:38,06:15,NCP,https://goo.gl/maps/sZVnqKp8hp12,07:17,,,,,14:22,,,,16:14,16:15,NCP,https://goo.gl/maps/sZVnqKp8hp12,17:40,20:05,NCP,https://goo.gl/maps/sZVnqKp8hp12,,https://www.cambournecrescent.org/salah/v2/time-cc-today-v2.php?page=173
2026-11-14,Sat,05:40,06:15,NCP,https://goo.gl/maps/sZVnqKp8hp12,07:18,11:49,,,,14:21,,,,16:12,16:15,BS-1,https://goo.gl/maps/X33dkpnHDAr,17:39,20:05,,,,https://www.cambournecrescent.org/salah/v2/time-cc-today-v2.php?page=174
2026-11-15,Sun,05:42,06:15,NCP,https://goo.gl/maps/sZVnqKp8hp12,07:20,11:49,,,,14:19,,,,16:11,16:15,BS-1,https://goo.gl/maps/X33dkpnHDAr,17:38,20:05,,,,https://www.cambournecrescent.org/salah/v2/time-cc-today-v2.php?page=175
2026-11-16,Mon,05:43,06:15,NCP,https://goo.gl/maps/sZVnqKp8hp12,07:22,11:49,,,,14:18,,,,16:09,16:15,NCP,https://goo.gl/maps/sZVnqKp8hp12,17:37,20:05,NCP,https://goo.gl/maps/sZVnqKp8hp12,,https://www.cambournecrescent.org/salah/v2/time-cc-today-v2.php?page=176
2026-11-17,Tue,05:45,06:15,NCP,https://goo.gl/maps/sZVnqKp8hp12,07:24,11:50,,,,14:17,,,,16:08,16:15,NCP,https://goo.gl/maps/sZVnqKp8hp12,17:36,20:05,NCP,https://goo.gl/maps/sZVnqKp8hp12,,https://www.cambournecrescent.org/salah/v2/time-cc-today-v2.php?page=177
2026-11-18,Wed,05:46,06:15,NCP,https://goo.gl/maps/sZVnqKp8hp12,07:25,11:50,,,,14:16,,,,16:07,16:15,BS-1,https://goo.gl/maps/X33dkpnHDAr,17:35,20:05,NCP,https://goo.gl/maps/sZVnqKp8hp12,,https://www.cambournecrescent.org/salah/v2/time-cc-today-v2.php?page=178
2026-11-19,Thu,05:48,06:15,NCP,https://goo.gl/maps/sZVnqKp8hp12,07:27,11:50,,,,14:14,,,,16:05,16:15,NCP,https://goo.gl/maps/sZVnqKp8hp12,17:34,20:05,NCP,https://goo.gl/maps/sZVnqKp8hp12,,https://www.cambournecrescent.org/salah/v2/time-cc-today-v2.php?page=179
2026-11-20,Fri,05:50,06:15,NCP,https://goo.gl/maps/sZVnqKp8hp12,07:29,,,,,14:13,,,,16:04,16:15,NCP,https://goo.gl/maps/sZVnqKp8hp12,17:33,20:05,NCP,https://goo.gl/maps/sZVnqKp8hp12,,https://www.cambournecrescent.org/salah/v2/time-cc-today-v2.php?page=180
2026-11-21,Sat,05:51,06:15,NCP,https://goo.gl/maps/sZVnqKp8hp12,07:30,11:51,,,,14:12,,,,16:03,16:15,BS-1,https://goo.gl/maps/X33dkpnHDAr,17:32,20:05,,,,https://www.cambournecrescent.org/salah/v2/time-cc-today-v2.php?page=181
2026-11-22,Sun,05:53,06:15,NCP,https://goo.gl/maps/sZVnqKp8hp12,07:32,11:51,,,,14:11,,,,16:02,16:15,BS-1,https://goo.gl/maps/X33dkpnHDAr,17:31,20:05,,,,https://www.cambournecrescent.org/salah/v2/time-cc-today-v2.php?page=182
2026-11-23,Mon,05:54,06:15,NCP,https://goo.gl/maps/sZVnqKp8hp12,07:34,11:51,,,,14:10,,,,16:01,16:15,NCP,https://goo.gl/maps/sZVnqKp8hp12,17:30,20:05,NCP,https://goo.gl/maps/sZVnqKp8hp12,,https://www.cambournecrescent.org/salah/v2/time-cc-today-v2.php?page=183
2026-11-24,Tue,05:56,06:15,NCP,https://goo.gl/maps/sZVnqKp8hp12,07:35,11:51,,,,14:09,,,,16:00,16:15,NCP,https://goo.gl/maps/sZVnqKp8hp12,17:29,20:05,NCP,https://goo.gl/maps/sZVnqKp8hp12,,https://www.cambournecrescent.org/salah/v2/time-cc-today-v2.php?page=184
2026-11-25,Wed,05:57,06:15,NCP,https://goo.gl/maps/sZVnqKp8hp12,07:37,11:52,,,,14:08,,,,15:59,16:15,BS-1,https://goo.gl/maps/X33dkpnHDAr,17:28,20:05,NCP,https://goo.gl/maps/sZVnqKp8hp12,,https://www.cambournecrescent.org/salah/v2/time-cc-today-v2.php?page=185
2026-11-26,Thu,05:59,06:15,NCP,https://goo.gl/maps/sZVnqKp8hp12,07:39,11:52,,,,14:07,,,,15:58,16:15,NCP,https://goo.gl/maps/sZVnqKp8hp12,17:28,20:05,NCP,https://goo.gl/maps/sZVnqKp8hp12,,https://www.cambournecrescent.org/salah/v2/time-cc-today-v2.php?page=186
2026-11-27,Fri,06:00,06:15,NCP,https://goo.gl/maps/sZVnqKp8hp12,07:40,,,,,14:07,,,,15:57,16:15,NCP,https://goo.gl/maps/sZVnqKp8hp12,17:27,20:05,NCP,https://goo.gl/maps/sZVnqKp8hp12,,https://www.cambournecrescent.org/salah/v2/time-cc-today-v2.php?page=187
2026-11-28,Sat,06:02,06:30,NCP,https://goo.gl/maps/sZVnqKp8hp12,07:42,11:53,,,,14:06,,,,15:56,16:15,BS-1,https://goo.gl/maps/X33dkpnHDAr,17:26,20:05,,,,https://www.cambournecrescent.org/salah/v2/time-cc-today-v2.php?page=188
2026-11-29,Sun,06:03,06:30,NCP,https://goo.gl/maps/sZVnqKp8hp12,07:43,11:53,,,,14:05,,,,15:55,16:15,BS-1,https://goo.gl/maps/X33dkpnHDAr,17:26,20:05,,,,https://www.cambournecrescent.org/salah/v2/time-cc-today-v2.php?page=189
2026-11-30,Mon,06:05,06:30,NCP,https://goo.gl/maps/sZVnqKp8hp12,07:45,11:53,,,,14:04,,,,15:55,16:15,NCP,https://goo.gl/maps/sZVnqKp8hp12,17:25,20:05,NCP,https://goo.gl/maps/sZVnqKp8hp12,,https://www.cambournecrescent.org/salah/v2/time-cc-today-v2.php?page=190
2026-12-01,Tue,06:06,06:30,NCP,https://goo.gl/maps/sZVnqKp8hp12,07:46,11:54,,,,14:04,,,,15:54,16:15,NCP,https://goo.gl/maps/sZVnqKp8hp12,17:25,20:05,NCP,https://goo.gl/maps/sZVnqKp8hp12,,https://www.cambournecrescent.org/salah/v2/time-cc-today-v2.php?page=191
2026-12-02,Wed,06:07,06:30,NCP,https://goo.gl/maps/sZVnqKp8hp12,07:48,11:54,,,,14:03,,,,15:53,16:15,BS-1,https://goo.gl/maps/X33dkpnHDAr,17:25,20:05,NCP,https://goo.gl/maps/sZVnqKp8hp12,,https://www.cambournecrescent.org/salah/v2/time-cc-today-v2.php?page=192
2026-12-03,Thu,06:09,06:30,NCP,https://goo.gl/maps/sZVnqKp8hp12,07:49,11:54,,,,14:03,,,,15:53,16:15,NCP,https://goo.gl/maps/sZVnqKp8hp12,17:24,20:05,NCP,https://goo.gl/maps/sZVnqKp8hp12,,https://www.cambournecrescent.org/salah/v2/time-cc-today-v2.php?page=193
2026-12-04,Fri,06:10,06:30,NCP,https://goo.gl/maps/sZVnqKp8hp12,07:50,,,,,14:02,,,,15:52,16:15,NCP,https://goo.gl/maps/sZVnqKp8hp12,17:24,20:05,NCP,https://goo.gl/maps/sZVnqKp8hp12,,https://www.cambournecrescent.org/salah/v2/time-cc-today-v2.php?page=194
2026-12-05,Sat,06:11,06:35,NCP,https://goo.gl/maps/sZVnqKp8hp12,07:52,11:55,,,,14:02,,,,15:52,16:15,BS-1,https://goo.gl/maps/X33dkpnHDAr,17:24,20:05,,,,https://www.cambournecrescent.org/salah/v2/time-cc-today-v2.php?page=195
2026-12-06,Sun,06:12,06:35,NCP,https://goo.gl/maps/sZVnqKp8hp12,07:53,11:56,,,,14:01,,,,15:51,16:15,BS-1,https://goo.gl/maps/X33dkpnHDAr,17:24,20:05,,,,https://www.cambournecrescent.org/salah/v2/time-cc-today-v2.php?page=196
2026-12-07,Mon,06:13,06:35,NCP,https://goo.gl/maps/sZVnqKp8hp12,07:54,11:56,,,,14:01,,,,15:51,16:15,NCP,https://goo.gl/maps/sZVnqKp8hp12,17:23,20:05,NCP,https://goo.gl/maps/sZVnqKp8hp12,,https://www.cambournecrescent.org/salah/v2/time-cc-today-v2.php?page=197
2026-12-08,Tue,06:14,06:35,NCP,https://goo.gl/maps/sZVnqKp8hp12,07:55,11:57,,,,14:01,,,,15:51,16:15,NCP,https://goo.gl/maps/sZVnqKp8hp12,17:23,20:05,NCP,https://goo.gl/maps/sZVnqKp8hp12,,https://www.cambournecrescent.org/salah/v2/time-cc-today-v2.php?page=198
2026-12-09,Wed,06:16,06:35,NCP,https://goo.gl/maps/sZVnqKp8hp12,07:56,11:57,,,,14:01,,,,15:50,16:15,BS-1,https://goo.gl/maps/X33dkpnHDAr,17:23,20:05,NCP,https://goo.gl/maps/sZVnqKp8hp12,,https://www.cambournecrescent.org/salah/v2/time-cc-today-v2.php?page=199
2026-12-10,Thu,06:17,06:35,NCP,https://goo.gl/maps/sZVnqKp8hp12,07:58,11:57,,,,14:00,,,,15:50,16:15,NCP,https://goo.gl/maps/sZVnqKp8hp12,17:23,20:05,NCP,https://goo.gl/maps/sZVnqKp8hp12,,https://www.cambournecrescent.org/salah/v2/time-cc-today-v2.php?page=200
2026-12-11,Fri,06:17,06:35,NCP,https://goo.gl/maps/sZVnqKp8hp12,07:59,,,,,14:00,,,,15:50,16:15,NCP,https://goo.gl/maps/sZVnqKp8hp12,17:24,20:05,NCP,https://goo.gl/maps/sZVnqKp8hp12,1 Rajab 1448,https://www.cambournecrescent.org/salah/v2/time-cc-today-v2.php?page=201
2026-12-12,Sat,06:18,06:40,NCP,https://goo.gl/maps/sZVnqKp8hp12,08:00,11:58,,,,14:00,,,,15:50,16:15,BS-1,https://goo.gl/maps/X33dkpnHDAr,17:24,20:05,,,2 Rajab 1448,https://www.cambournecrescent.org/salah/v2/time-cc-today-v2.php?page=202
2026-12-13,Sun,06:19,06:40,NCP,https://goo.gl/maps/sZVnqKp8hp12,08:01,11:59,,,,14:00,,,,15:50,16:15,BS-1,https://goo.gl/maps/X33dkpnHDAr,17:24,20:05,,,3 Rajab 1448,https://www.cambournecrescent.org/salah/v2/time-cc-today-v2.php?page=203
2026-12-14,Mon,06:20,06:40,NCP,https://goo.gl/maps/sZVnqKp8hp12,08:02,11:59,,,,14:00,,,,15:50,16:15,NCP,https://goo.gl/maps/sZVnqKp8hp12,17:24,20:05,NCP,https://goo.gl/maps/sZVnqKp8hp12,4 Rajab 1448,https://www.cambournecrescent.org/salah/v2/time-cc-today-v2.php?page=204
2026-12-15,Tue,06:21,06:40,NCP,https://goo.gl/maps/sZVnqKp8hp12,08:02,12:00,,,,14:00,,,,15:50,16:15,NCP,https://goo.gl/maps/sZVnqKp8hp12,17:25,20:05,NCP,https://goo.gl/maps/sZVnqKp8hp12,5 Rajab 1448,https://www.cambournecrescent.org/salah/v2/time-cc-today-v2.php?page=205
2026-12-16,Wed,06:22,06:40,NCP,https://goo.gl/maps/sZVnqKp8hp12,08:03,12:00,,,,14:01,,,,15:50,16:15,BS-1,https://goo.gl/maps/X33dkpnHDAr,17:25,20:05,NCP,https://goo.gl/maps/sZVnqKp8hp12,6 Rajab 1448,https://www.cambournecrescent.org/salah/v2/time-cc-today-v2.php?page=206
2026-12-17,Thu,06:22,06:40,NCP,https://goo.gl/maps/sZVnqKp8hp12,08:04,12:01,,,,14:01,,,,15:51,16:15,NCP,https://goo.gl/maps/sZVnqKp8hp12,17:26,20:05,NCP,https://goo.gl/maps/sZVnqKp8hp12,7 Rajab 1448,https://www.cambournecrescent.org/salah/v2/time-cc-today-v2.php?page=207
2026-12-18,Fri,06:23,06:40,NCP,https://goo.gl/maps/sZVnqKp8hp12,08:05,,,,,14:01,,,,15:51,16:15,NCP,https://goo.gl/maps/sZVnqKp8hp12,17:26,20:05,NCP,https://goo.gl/maps/sZVnqKp8hp12,8 Rajab 1448,https://www.cambournecrescent.org/salah/v2/time-cc-today-v2.php?page=208
2026-12-19,Sat,06:23,06:40,NCP,https://goo.gl/maps/sZVnqKp8hp12,08:05,12:02,,,,14:01,,,,15:51,16:15,BS-1,https://goo.gl/maps/X33dkpnHDAr,17:27,20:05,,,9 Rajab 1448,https://www.cambournecrescent.org/salah/v2/time-cc-today-v2.php?page=209
2026-12-20,Sun,06:24,06:40,NCP,https://goo.gl/maps/sZVnqKp8hp12,08:06,12:02,,,,14:02,,,,15:52,16:15,BS-1,https://goo.gl/maps/X33dkpnHDAr,17:27,20:05,,,10 Rajab 1448,https://www.cambournecrescent.org/salah/v2/time-cc-today-v2.php?page=210
2026-12-21,Mon,06:24,06:40,NCP,https://goo.gl/maps/sZVnqKp8hp12,08:07,12:03,,,,14:02,,,,15:52,16:15,NCP,https://goo.gl/maps/sZVnqKp8hp12,17:28,20:05,NCP,https://goo.gl/maps/sZVnqKp8hp12,11 Rajab 1448,https://www.cambournecrescent.org/salah/v2/time-cc-today-v2.php?page=211
2026-12-22,Tue,06:25,06:40,NCP,https://goo.gl/maps/sZVnqKp8hp12,08:07,12:03,,,,14:03,,,,15:53,16:15,NCP,https://goo.gl/maps/sZVnqKp8hp12,17:29,20:05,NCP,https://goo.gl/maps/sZVnqKp8hp12,12 Rajab 1448,https://www.cambournecrescent.org/salah/v2/time-cc-today-v2.php?page=212
2026-12-23,Wed,06:26,06:40,NCP,https://goo.gl/maps/sZVnqKp8hp12,08:08,12:04,,,,14:03,,,,15:53,16:15,NCP,https://goo.gl/maps/sZVnqKp8hp12,17:29,20:05,NCP,https://goo.gl/maps/sZVnqKp8hp12,13 Rajab 1448,https://www.cambournecrescent.org/salah/v2/time-cc-today-v2.php?page=213
2026-12-24,Thu,06:26,06:40,NCP,https://goo.gl/maps/sZVnqKp8hp12,08:08,12:04,,,,14:04,,,,15:54,16:15,NCP,https://goo.gl/maps/sZVnqKp8hp12,17:29,20:05,NCP,https://goo.gl/maps/sZVnqKp8hp12,14 Rajab 1448,https://www.cambournecrescent.org/salah/v2/time-cc-today-v2.php?page=214
2026-12-25,Fri,06:26,06:40,NCP,https://goo.gl/maps/sZVnqKp8hp12,08:08,,,,,14:05,,,,15:54,16:15,NCP,https://goo.gl/maps/sZVnqKp8hp12,17:30,20:05,NCP,https://goo.gl/maps/sZVnqKp8hp12,15 Rajab 1448,https://www.cambournecrescent.org/salah/v2/time-cc-today-v2.php?page=215
2026-12-26,Sat,06:27,06:40,NCP,https://goo.gl/maps/sZVnqKp8hp12,08:09,12:05,,,,14:05,,,,15:55,16:15,BS-1,https://goo.gl/maps/X33dkpnHDAr,17:30,20:05,,,16 Rajab 1448,https://www.cambournecrescent.org/salah/v2/time-cc-today-v2.php?page=216
2026-12-27,Sun,06:27,06:40,NCP,https://goo.gl/maps/sZVnqKp8hp12,08:09,12:06,,,,14:06,,,,15:56,16:15,BS-1,https://goo.gl/maps/X33dkpnHDAr,17:31,20:05,,,17 Rajab 1448,https://www.cambournecrescent.org/salah/v2/time-cc-today-v2.php?page=217
2026-12-28,Mon,06:27,06:40,NCP,https://goo.gl/maps/sZVnqKp8hp12,08:09,12:06,,,,14:07,,,,15:57,16:15,NCP,https://goo.gl/maps/sZVnqKp8hp12,17:31,20:05,NCP,https://goo.gl/maps/sZVnqKp8hp12,18 Rajab 1448,https://www.cambournecrescent.org/salah/v2/time-cc-today-v2.php?page=218
2026-12-29,Tue,06:28,06:40,NCP,https://goo.gl/maps/sZVnqKp8hp12,08:09,12:07,,,,14:08,,,,15:58,16:15,NCP,https://goo.gl/maps/sZVnqKp8hp12,17:32,20:05,NCP,https://goo.gl/maps/sZVnqKp8hp12,19 Rajab 1448,https://www.cambournecrescent.org/salah/v2/time-cc-today-v2.php?page=219
2026-12-30,Wed,06:28,06:40,NCP,https://goo.gl/maps/sZVnqKp8hp12,08:09,12:07,,,,14:09,,,,15:59,16:15,NCP,https://goo.gl/maps/sZVnqKp8hp12,17:33,20:05,NCP,https://goo.gl/maps/sZVnqKp8hp12,20 Rajab 1448,https://www.cambournecrescent.org/salah/v2/time-cc-today-v2.php?page=220
2026-12-31,Thu,06:28,06:40,NCP,https://goo.gl/maps/sZVnqKp8hp12,08:09,12:08,,,,14:10,,,,16:00,16:15,NCP,https://goo.gl/maps/sZVnqKp8hp12,17:33,20:05,NCP,https://goo.gl/maps/sZVnqKp8hp12,21 Rajab 1448,https://www.cambournecrescent.org/salah/v2/time-cc-today-v2.php?page=221
